"3f2dcc6","Lucaslee-114","2019-07-09 15:41:50 +0800","完善"
"8fe7dd1","dingyanweidada","2019-07-09 15:17:01 +0800","Merge branch 'function' into develop"
"3c6fe61","dingyanweidada","2019-07-09 15:16:01 +0800","评论功能"
"faf2c1b","dpqwh","2019-07-09 11:21:16 +0800","修改了XML"
"3f39aa1","longxianghe","2019-07-09 10:51:39 +0800","完善"
"1ea308c","1181982080@qq.com","2019-07-09 09:48:30 +0800","完善"
"a70a5d2","dpqwh","2019-07-09 09:27:20 +0800","王皓添加功能"
"87846c9","dpqwh","2019-07-09 09:25:11 +0800","Update register.css"
"b1e65a3","chenhongfeng","2019-07-08 22:55:43 +0800","完善"
"2c6cf21","chenhongfeng","2019-07-08 17:26:57 +0800","完善"
"973fa2e","1181982080@qq.com","2019-07-08 17:19:43 +0800","Merge branch 'develop' of https://github.com/secondhand-transaction/university into develop"
"a95a871","1181982080@qq.com","2019-07-08 17:15:08 +0800","完善"
"c0f1838","cyx0203","2019-07-08 16:50:53 +0800","完善"
"93d4aa1","Lucaslee-114","2019-07-08 16:19:44 +0800","完善"
"bc385a7","yangyangwahaha","2019-07-08 14:40:23 +0800","Merge branch 'function' into develop"
"65fea05","yangyangwahaha","2019-07-08 14:40:03 +0800","university"
"89c7b4b","lzh-gethub","2019-07-07 22:56:32 +0800","刘子豪对于自己功能的修改"
"17e000d","chenhongfeng","2019-07-07 08:46:10 +0800","完善"
"62edaac","yangyangwahaha","2019-07-06 00:33:08 +0800","Merge branch 'function' into develop"
"140989f","yangyangwahaha","2019-07-06 00:30:58 +0800","崔书阳依赖包上传"
"8c7e457","yangyangwahaha","2019-07-06 00:28:10 +0800","Create buy.html"
"c67d7a3","yangyangwahaha","2019-07-06 00:27:45 +0800","Create CuishuyangDAO.java"
"d2f2dc4","yangyangwahaha","2019-07-06 00:27:24 +0800","Create CuishuyangDAO.class"
"4e520c3","chenhongfeng","2019-07-06 00:01:22 +0800","Merge branch 'develop' of https://github.com/secondhand-transaction/university into develop"
"da4fa4a","chenhongfeng","2019-07-05 23:54:05 +0800","Update test.txt"
"56b2125","xutaige","2019-07-05 23:53:04 +0800","Update test.txt"
"6c1eb1c","chenhongfeng","2019-07-05 23:13:25 +0800","Update test.txt"
"828bbe0","chenhongfeng","2019-07-05 23:10:32 +0800","Merge branch 'function' into develop"
"87c76c5","chenhongfeng","2019-07-05 22:57:56 +0800","删除"
"6a9d615","chenhongfeng","2019-07-05 22:56:14 +0800","完善"
"bf6562d","chenhongfeng","2019-07-05 22:39:38 +0800","Create test.txt"
"c6caae2","chenhongfeng","2019-07-05 22:38:14 +0800","Create test.txt"
"481ddf2","chenhongfeng","2019-07-05 22:34:08 +0800","放入基础工程"
"4d527d6","chenhongfeng","2019-07-05 22:21:09 +0800","Merge branch 'develop' of https://github.com/secondhand-transaction/university into develop"
"addb404","chenhongfeng","2019-07-05 22:14:11 +0800","Update test.java"
"6a7c356","dpqwh","2019-07-05 22:08:49 +0800","Update test.java"
"fcfd3e0","chenhongfeng","2019-07-05 19:16:34 +0800","冲突测试解决"
"bd389c9","chenhongfeng","2019-07-05 19:11:46 +0800","合并两个分支中的test"
"8c65ff0","chenhongfeng","2019-07-05 19:10:45 +0800","冲突测试"
"e1331e6","dpqwh","2019-07-05 18:52:34 +0800","Update test.java"
"43361d6","chenhongfeng","2019-07-05 18:49:19 +0800","xxx对test的修改"
"86d91e6","chenhongfeng","2019-07-05 18:45:18 +0800","test之develop的修改"
"818ee7d","chenhongfeng","2019-07-05 18:43:01 +0800","test之function分支修改"
"1f70478","chenhongfeng","2019-07-05 18:40:32 +0800","这是对test的修改"
"e49e79b","chenhongfeng","2019-07-05 18:34:54 +0800","这是测试git功能的文件"
"c6f86d0","chenhongfeng","2019-07-05 18:22:45 +0800","每组的基础工程"
"48e0a1d","chenhongfeng","2019-07-05 14:05:06 +0800","最初的空项目"
"8d7b824","chenhongfeng","2019-07-05 13:41:51 +0800","这是陈红峰的测试文件"
"6860ddf","chenhongfeng","2019-07-03 07:46:09 +0800","Initial commit"